<?xml version="1.0" encoding="UTF-8"?>

<!DOCTYPE hibernate-mapping PUBLIC 
    "-//Hibernate/Hibernate Mapping DTD 3.0//EN"
    "http://www.hibernate.org/dtd/hibernate-mapping-3.0.dtd">
   <hibernate-mapping>
   <class name = "com.yash.TabPerConcrete" table = "employee101">
  
      
      <meta attribute = "class-description">
         This class contains the employee detail. 
      </meta>
      
      <id name = "id" type = "int" column = "id">
         <generator class="native"/>  
      </id>
      
      <property name = "pay_per_hour" column = "pay_per_hour" type = "float"/>
     
      <property name = "contract_duration" column = "contract_duration" type = "string"/>
      
      
         </class>
</hibernate-mapping>
