<?xml version="1.0" encoding="UTF-8"?>
<beans xmlns="http://www.springframework.org/schema/beans"
xmlns:xsi="http://www.w3.org/2001/XMLSchema-instance"
xmlns:p="http://www.springframework.org/schema/p"
xmlns:context="http://www.springframework.org/schema/context"
xsi:schemaLocation="http://www.springframework.org/schema/beans
http://www.springframework.org/schema/beans/spring-beans.xsd
http://www.springframework.org/schema/context
http://www.springframework.org/schema/context/spring-context.xsd">


<context:annotation-config />
<bean id="employee" class="com.yash.resoures.Employee">
<property name="employeeId" value="4325354"></property>
<property name="employeeName" value="Payal Kamde"></property>
</bean>

<bean id="pancard" class="com.yash.resoures.Pancard">
<property name="panHolderName" value="Payal Kamde"></property>
<property name="panNo" value="HSHs665ss"></property>
</bean>

</beans>