<?xml version="1.0" encoding="UTF-8"?>
<beans xmlns="http://www.springframework.org/schema/beans"
	xmlns:xsi="http://www.w3.org/2001/XMLSchema-instance"
	xmlns:p="http://www.springframework.org/schema/p"
	xmlns:context="http://www.springframework.org/schema/context"

	xsi:schemaLocation="http://www.springframework.org/schema/beans
http://www.springframework.org/schema/beans/spring-beans-2.5.xsd
http://www.springframework.org/schema/context
http://www.springframework.org/schema/context/spring-context.xsd">

<context:annotation-config></context:annotation-config>
	
	
		<bean class="com.yash.LifeCycleBeanXIA.Xml" name="s1">
		<property name="price" value="50000" />
	</bean>
	
		<bean class="com.yash.LifeCycleBeanXIA.Interface" name="p1">
		<property name="price" value="30000" />
	</bean>
	<bean class="com.yash.LifeCycleBeanXIA.Annotation" name="annotation">
		<property name="type" value="Automatic" />
	</bean>
	
</beans>