<?xml version="1.0" encoding="UTF-8"?>
<!DOCTYPE hibernate-mapping PUBLIC 
    "-//Hibernate/Hibernate Mapping DTD 3.0//EN"
    "http://www.hibernate.org/dtd/hibernate-mapping-3.0.dtd">
   <hibernate-mapping>
   <class name = "com.yash.TabPerHir" table = "employee101">
  
      
      <meta attribute = "class-description">
         This class contains the employee detail. 
      </meta>
      
      <id name = "id" type = "int" column = "id">
         <generator class="native"/>  
      </id>
      
      <property name = "salary" column = "salary" type = "float"/>
     
      <property name = "bonus" column = "bonus" type = "int"/>
      
      
         </class>
</hibernate-mapping>
