<?xml version="1.0" encoding="UTF-8"?>
<beans xmlns="http://www.springframework.org/schema/beans"
 xmlns:xsi="http://www.w3.org/2001/XMLSchema-instance"
 xmlns:p="http://www.springframework.org/schema/p"
 xmlns:c="http://www.springframework.org/schema/c"
 xsi:schemaLocation="http://www.springframework.org/schema/beans
 http://www.springframework.org/schema/beans/spring-beans.xsd">
 
 
 		
 		<bean class="B" name="refb">
		<constructor-arg name="y" value="10"/>
			
	</bean>
	<bean class="A" name="refa">
		<constructor-arg name="x" value="250"/>
			<constructor-arg name="b"> 
			<ref bean="refb"/>
			</constructor-arg>

	</bean>
</beans>